{"cameraMode":{"drawMode":0,"name":"Shaded","section":"Shading Mode"},"sceneLighting":false,"audioPlay":false,"sceneViewState":{"showFog":true,"showMaterialUpdate":false,"showSkybox":true,"showFlares":true,"showImageEffects":true,"showParticleSystems":true},"in2DMode":false,"pivot":{"x":-1.0104745626449586,"y":1.6121342182159424,"z":4.556704998016357},"rotation":{"x":0.004085620865225792,"y":0.9635754227638245,"z":-0.2669987380504608,"w":0.014744604006409645},"size":2.098206043243408,"orthographic":false}