{"cameraMode":{"drawMode":0,"name":"Shaded","section":"Shading Mode"},"sceneLighting":true,"audioPlay":false,"sceneViewState":{"showFog":true,"showMaterialUpdate":true,"showSkybox":true,"showFlares":true,"showImageEffects":true,"showParticleSystems":true},"in2DMode":false,"pivot":{"x":-10.203535079956055,"y":2.341036081314087,"z":27.42125129699707},"rotation":{"x":-0.005372082348912954,"y":-0.9940072298049927,"z":0.05753609165549278,"w":-0.09279211610555649},"size":9.64549732208252,"orthographic":false}