{"cameraMode":{"drawMode":0,"name":"Shaded","section":"Shading Mode"},"sceneLighting":false,"audioPlay":false,"sceneViewState":{"showFog":true,"showMaterialUpdate":true,"showSkybox":true,"showFlares":true,"showImageEffects":true,"showParticleSystems":true},"in2DMode":false,"pivot":{"x":-24.397186279296876,"y":14.41086483001709,"z":-19.402360916137697},"rotation":{"x":-0.04515882954001427,"y":-0.9413855671882629,"z":-0.14004577696323396,"w":0.3035476505756378},"size":19.00884437561035,"orthographic":false}