{"cameraMode":{"drawMode":0,"name":"Shaded","section":"Shading Mode"},"sceneLighting":false,"audioPlay":false,"sceneViewState":{"showFog":true,"showMaterialUpdate":true,"showSkybox":true,"showFlares":true,"showImageEffects":true,"showParticleSystems":true},"in2DMode":false,"pivot":{"x":-31.63024139404297,"y":15.411626815795899,"z":-26.419349670410158},"rotation":{"x":-0.038833096623420718,"y":-0.9396677017211914,"z":-0.11395541578531265,"w":0.3202042877674103},"size":33.0305061340332,"orthographic":false}